FEED_CAT_CODE;FEED_CAT_NAME;FEED_CL_CODE;FEED_CLASS.FEED_CL_NAME;FEED_CODE;FEED.FEED_NAME;FEED.FEED_DEF;FEED_CAT_NAME_ENGLISH;FEED_CLASS_WORLD.FEED_CL_NAME;FEED_WORLD.FEED_NAME;FEED_WORLD.FEED_DEF
1;C‚r‚ales;1010;Bl‚;13;Bl‚ tendre;"Grain de bl‚ tendre (Triticum aestivum L.). Le bl‚ tendre est une espŠce diff‚rente du bl‚ dur (Triticum durum L.), lequel n'est pas normalement utilis‚ en alimentation animale. En anglais, ""hard wheat"" d‚signe des vari‚t‚s de bl‚ tendre (souvent appell‚es ""hard"" en France), et non pas le bl‚ dur (en anglais ""durum wheat""),";Cereal grains;Wheat;Wheat, soft;Soft wheat grain (Triticum aestivum L.). This is the default wheat, since durum wheat is not normally used as animal feed.
1;C‚r‚ales;1010;Bl‚;203;Bl‚ tendre germ‚;Grain de bl‚ tendre (Triticum aestivum L.) ayant commenc‚ … germer.;Cereal grains;Wheat;Wheat, germinated;Wheat grain (Triticum aestivum L.), germinated.
1;C‚r‚ales;1010;Bl‚;204;Bl‚ dur germ‚;Grain de bl‚ dur (Triticum durum L.) ayant commenc‚ … germer.;Cereal grains;Wheat;Wheat, durum, germinated;Germinated durum wheat grain (Triticum durum L.). Durum wheat is used to make semolina and pasta.
1;C‚r‚ales;1010;Bl‚;458;Bl‚ tendre, poids sp‚cifique < 69 kg/hl;Grain de bl‚ tendre (Triticum aestivum L.) dont le poids sp‚cifique est inf‚rieur … 69 kg/hl. Ces bl‚s ont pu souffrir de mauvaises conditions climatiques.;Cereal grains;Wheat;Wheat, specific weight < 69 kg/hl;Wheat grain (Triticum aestivum L.), with a specific weight < 69 kg/hl. These wheats may have suffered from bad weather conditions.
1;C‚r‚ales;1010;Bl‚;1475;Bl‚ floconn‚;Grain de bl‚ (Triticum aestivum L.) ayant subi un floconnage.;Cereal grains;Wheat;Wheat, flaked;Wheat grain (Triticum aestivum L.), flaked.
1;C‚r‚ales;1010;Bl‚;1610;Bl‚, prot‚ines > 17%;Grain de bl‚ (Triticum aestivum L.) ayant une teneur forte en prot‚ines > 17% sur brut.;Cereal grains;Wheat;Wheat, protein > 17%;Wheat grain (Triticum aestivum L.), having a very high protein content > 17% as fed.
1;C‚r‚ales;1010;Bl‚;1612;Bl‚ dur;"Grain de bl‚ dur (Triticum durum L.). Le bl‚ dur, utilis‚ en alimentation humaine pour faire de la semoule et des pƒtes, n'est pas utilis‚ normalement en alimentation animale. A noter : le terme anglais pour bl‚ dur est ""durum wheat"" alors que ""hard wheat"" d‚signe certaines vari‚t‚s de bl‚ tendre (dites ""hard"" en fran‡ais).";Cereal grains;Wheat;Wheat, durum;Durum wheat grain (Triticum durum L.). Durum wheat is used to make semolina and pasta.
1;C‚r‚ales;1010;Bl‚;1631;Bl‚ extrud‚;Grain de bl‚ (Triticum aestivum L.) ayant subi une extrusion.;Cereal grains;Wheat;Wheat, extruded;Wheat grain (Triticum aestivum L.), extruded.
1;C‚r‚ales;1010;Bl‚;1632;Bl‚ aplati;Grain de bl‚ (Triticum aestivum L.) ayant subi un aplatissage.;Cereal grains;Wheat;Wheat, rolled;Wheat grain (Triticum aestivum L.), rolled.
1;C‚r‚ales;1010;Bl‚;2106;Bl‚ infranis‚;Grain de bl‚ (Triticum aestivum L.) trait‚ aux infrarouges. L'infranisation est un traitement thermique dans lequel le produit, r‚parti sur un tapis convoyeur, est soumis pendant 40 … 90 secondes … l'action de rayons infra-rouges ‚mis par une s‚rie de br–leurs en c‚ramique. Terme anglais : micronizing (… ne pas traduire par micronisation, proc‚d‚ de broyage ultra-fin).;Cereal grains;Wheat;Wheat, infra-red heated;Wheat grain (Triticum aestivum L.), micronized by infra-red heating during 40-90 s.
1;C‚r‚ales;1010;Bl‚;2133;Bl‚ toast‚;Grain de bl‚ (Triticum aestivum L.) ayant subi un toastage.;Cereal grains;Wheat;Wheat, toasted;Wheat grain (Triticum aestivum L.), toasted.
1;C‚r‚ales;1010;Bl‚;2180;Bl‚ pellets;Grain de bl‚ (Triticum aestivum L.) ayant subi une granulation.;Cereal grains;Wheat;Wheat, pellets;Wheat grain (Triticum aestivum L.), pelleted.
1;C‚r‚ales;1010;Bl‚;2181;Bl‚ broy‚;Grain de bl‚ (Triticum aestivum L.) ayant subi un broyage.;Cereal grains;Wheat;Wheat, ground;Wheat grain (Triticum aestivum L.), ground.
1;C‚r‚ales;1010;Bl‚;2320;Petit bl‚;Grains de bl‚ (Triticum spp.) constitu‚s des ‚carts de nettoyage, d'adventices et grains sous-dimensionn‚s. Synonyme : criblures de bl‚;Cereal grains;Wheat;Wheat screenings;Wheat grains (Triticum spp.) rejected after a screening process, consisting of small or damaged grains, or foreign material.
1;C‚r‚ales;1010;Bl‚;2422;Bl‚ humide, matiŠre sŠche < 80 %;Grain de bl‚ (Triticum aestivum L.) humide.;Cereal grains;Wheat;Wheat, moist, dry matter < 80 %;Wheat grain (Triticum aestivum L.), containing less than 80% dry matter.
1;C‚r‚ales;1010;Bl‚;2476;Bl‚ tann‚;Grain de bl‚ (Triticum aestivum L.) ayant subi un tannage par une m‚thode non sp‚cifi‚e en vue de prot‚ger les prot‚ines dans le rumen.;Cereal grains;Wheat;Wheat, tanned;Wheat grain (Triticum aestivum L.), tanned by an unspecified method in order to protect the proteins in the rumen.
1;C‚r‚ales;1010;Bl‚;2554;Bl‚ expans‚;Grain de bl‚ (Triticum aestivum L.) ayant subi une expansion.;Cereal grains;Wheat;Wheat, expanded;Wheat grain (Triticum aestivum L.), expanded.
1;C‚r‚ales;1010;Bl‚;2557;Bl‚ tendre biologique;Grain de bl‚ tendre (Triticum aestivum L.) issu de l'agriculture biologique.;Cereal grains;Wheat;Wheat, organic;Wheat grain (Triticum aestivum L.), produced by organic farming.
1;C‚r‚ales;1010;Bl‚;2637;Bl‚ inert‚;Grain de bl‚ (Triticum aestivum L.) conserv‚ par inertage (conservation par ana‚robiose en silo ‚tanche).;Cereal grains;Wheat;Wheat, inerted;Wheat grain (Triticum aestivum L.), inerted by storage in anaerobic, airtight silo.
1;C‚r‚ales;1010;Bl‚;2695;Bl‚ tendre d'hiver de type am‚liorant ou de force;Grain de bl‚ tendre d'hiver (Triticum aestivum L.) d'une vari‚t‚ am‚liorante ou de force (trŠs haute valeur de panification).;Cereal grains;Wheat;Wheat, soft winter, top breadmaking performance;Soft winter wheat grain (Triticum aestivum L.) from cultivars normally used for top-quality bread flour.
1;C‚r‚ales;1010;Bl‚;2696;Bl‚ tendre d'hiver de type panifiable sup‚rieur;Grain de bl‚ tendre d'hiver (Triticum aestivum L.) d'une vari‚t‚ panifiable sup‚rieure.;Cereal grains;Wheat;Wheat, soft winter, good breadmaking performance;Soft winter wheat grain (Triticum aestivum L.) from cultivars normally used for good-quality bread flour.
1;C‚r‚ales;1010;Bl‚;2697;Bl‚ tendre d'hiver de type panifiable courant;Grain de bl‚ tendre d'hiver (Triticum aestivum L.) d'une vari‚t‚ panifiable courante.;Cereal grains;Wheat;Wheat, soft winter, average breadmaking performance;Soft winter wheat grain (Triticum aestivum L.) from cultivars normally used for average-quality bread flour.
1;C‚r‚ales;1010;Bl‚;2698;Bl‚ tendre d'hiver de type autres usages;Grain de bl‚ tendre d'hiver (Triticum aestivum L.) d'une vari‚t‚ non panifiable (autres usages).;Cereal grains;Wheat;Wheat, soft winter, other uses than breadmaking;Soft winter wheat grain (Triticum aestivum L.) from cultivars normally used for feed but nor to make bread flour.
1;C‚r‚ales;1010;Bl‚;2738;Petit bl‚ dur;Grains de bl‚ dur (Triticum durum L.) constitu‚s des ‚carts de nettoyage, d'adventices et grains sous-dimensionn‚s.;Cereal grains;Wheat;Wheat, durum, screenings;Durum wheat grains (Triticum durum L.) rejected after a screening process, consisting of small or damaged grains, or foreign material.
1;C‚r‚ales;1010;Bl‚;2814;Bl‚ tendre, amidon < 53 %;Grain de bl‚ tendre (Triticum aestivum L.) de mauvaise qualit‚, ayant une teneur en amidon inf‚rieure … 53 % sur brut.;Cereal grains;Wheat;Soft wheat, starch < 53%;Soft wheat grain (Triticum aestivum L.) of low quality, having a starch content lower than 53% as fed.
1;C‚r‚ales;1010;Bl‚;2897;M‚lange de bl‚ et orge;M‚lange de grains de bl‚ (Triticum aestivum L.) et d'orge (Hordeum vulgare L.) en proportions ind‚termin‚es.;Cereal grains;Wheat;Mixture of wheat and barley;Mixture of wheat (Triticum aestivum L.) and barley (Hordeum vulgare L.) in unknown proportions.
1;C‚r‚ales;1010;Bl‚;2990;Bl‚ dur biologique;Grain de bl‚ dur (Triticum durum L.) issu de l'agriculture biologique.;Cereal grains;Wheat;Wheat, durum, organic;Durum wheat grain (Triticum durum L.), produced by organic farming.
1;C‚r‚ales;1010;Bl‚;3029;Bl‚ tendre attaqu‚ par la rouille;Grain de bl‚ tendre (Triticum aestivum L.) ayant subi un attaque de rouille.;Cereal grains;Wheat;Wheat, rust-affected;Wheat grain (Triticum aestivum L.), affected by rust.
1;C‚r‚ales;1010;Bl‚;3309;Brisures de bl‚;Coproduit du bl‚ (Triticum spp.) constitu‚ de grains bris‚s ou de petite taille et non utilisables en alimentation humaine.;Cereal grains;Wheat;Wheat grain, broken;Wheat grain (Triticum spp.), broken.
1;C‚r‚ales;1010;Bl‚;5032;Bl‚ lamin‚;Grain de bl‚ (Triticum spp.) ayant subi un laminage.;Cereal grains;Wheat;Wheat, laminated;Wheat grain (Triticum spp. ), laminated.
1;C‚r‚ales;1010;Bl‚;5163;Bl‚ thermis‚;Grain de bl‚ (Triticum aestivum L.) ayant subi un traitement thermique.;Cereal grains;Wheat;Wheat, thermized;Wheat grain (Triticum aestivum L.), thermized.
1;C‚r‚ales;1010;Bl‚;5232;Bl‚ tendre cuit biologique;Grain de bl‚ (Triticum aestivum L.) ayant subi une cuisson, issu de l'agriculture biologique;Cereal grains;Wheat;Wheat, soft, cooked, organic;Wheat grain (Triticum aestivum L.), cooked, obtained by organic farming.
1;C‚r‚ales;1010;Bl‚;5899;Bl‚ endommag‚ par le gel;Bl‚ endommag‚ par le gel (Triticum aestivum L.);Cereal grains;Wheat;Wheat grain, frost-damaged;Wheat grain, frost-damaged (Triticum aestivum L.)
1;C‚r‚ales;1010;Bl‚;6150;Bl‚, Afrique subsaharienne;Grain de bl‚ (Triticum aestivum L.) originaire d'Afrique subsaharienne;Cereal grains;Wheat;Wheat, subsaharan Africa;Wheat grain (Triticum aestivum L.) from subsaharan Africa
1;C‚r‚ales;1010;Bl‚;6205;Bl‚ tendre autoclav‚;Grain de bl‚ tendre (Triticum aestivum L.) trait‚ par autoclave.;Cereal grains;Wheat;Wheat, soft, autoclaved;Soft wheat grain (Triticum aestivum L.) treated by autoclave.
1;C‚r‚ales;1010;Bl‚;7709;Bl‚ germ‚ biologique;Grain de bl‚ (Triticum aestivum L.) ayant commenc‚ sa germination, issu de l'agriculture biologique;Cereal grains;Wheat;Wheat, germinated, organic;Wheat grain (Triticum aestivum L.), germinated, obtained by organic farming
1;C‚r‚ales;1010;Bl‚;7761;Bl‚ cireux;Grain de bl‚ (Triticum aestivum L.) de vari‚t‚ cireuse.;Cereal grains;Wheat;Wheat, waxy;Wheat grain (Triticum aestivum L.) from waxy cultivars.
1;C‚r‚ales;1010;Bl‚;7863;Bl‚ micronis‚;Grain de bl‚ (Triticum aestivum L.) ayant subi une micronisation (broyage ultra-fin).;Cereal grains;Wheat;Wheat, micronized (grinding);Wheat grain (Triticum aestivum L.), micronized (ultra-fine grinding).
1;C‚r‚ales;1010;Bl‚;7864;Bl‚ popp‚;Grain de bl‚ (Triticum aestivum L.) cuit sous pression (25 bars … 300øC dans le systŠme Presco) puis souffl‚e par expansion (popping);Cereal grains;Wheat;Wheat, popped;Wheat grain (Triticum aestivum L.), pressure cooked (25 bars at 300øC in the Presco system) and popped.
1;C‚r‚ales;1010;Bl‚;8506;Bl‚ trait‚ avec Aliplus;Grain de bl‚ tendre (Triticum aestivum L.) trait‚ avec Aliplus, additif commercial contenant de l'ur‚e, des extraits v‚g‚taux, des oligo-‚l‚ments et de l'argile.;Cereal grains;Wheat;Wheat, treated with Aliplus;Wheat grain (Triticum aestivum L.) treated with Aliplus, a commercial additive containing urea, plant extracts, trace elements and clay.
1;C‚r‚ales;1020;Orge;77;Orge;Grain d'orge (Hordeum vulgare L.), sans distinction du type d'orge (2 rangs ou 6 rangs).;Cereal grains;Barley;Barley;Barley grain (Hordeum vulgare L.). The cultivar (2-rows or 6-rows) is unspecified.
1;C‚r‚ales;1020;Orge;103;Orge 2 rangs de printemps;Grain d'orge 2 rangs (Hordeum vulgare L.) de vari‚t‚s de printemps.;Cereal grains;Barley;Barley, 2-row, spring;Barley grain (Hordeum vulgare L.) of a spring, 2-row variety.
1;C‚r‚ales;1020;Orge;104;Orge 2 rangs d'hiver;Grain d'orge 2 rangs (Hordeum vulgare L.) de vari‚t‚s d'hiver.;Cereal grains;Barley;Barley, 2-row, winter;Barley grain (Hordeum vulgare L.) of a winter, 2-row variety.
1;C‚r‚ales;1020;Orge;108;Orge 6 rangs d'hiver;"Grain d'orge 6 rangs (Hordeum vulgare L.) de vari‚t‚s d'hiver. En France, les orges 6 rangs sont trŠs majoritairement des vari‚t‚s d'hiver.
Synonyme : escourgeon.";Cereal grains;Barley;Barley, 6-row, winter;Barley grain (Hordeum vulgare L.) of a winter, 6-row variety. French 6-row barleys are usually winter varieties.
1;C‚r‚ales;1020;Orge;122;Orge nue 2 rangs;Grain d'orge 2 rangs (Hordeum vulgare L.) de vari‚t‚ nue (sans glumelles).;Cereal grains;Barley;Barley, 2-row, naked;Barley grain (Hordeum vulgare L.) of a 2-row, naked (hulless) variety.
1;C‚r‚ales;1020;Orge;172;Orge 2 rangs;Grain d'orge 2 rangs (Hordeum vulgare L.).;Cereal grains;Barley;Barley, 2-row;Barley grain (Hordeum vulgare L.) of a 2-row variety.
1;C‚r‚ales;1020;Orge;503;Orge nue;Grain d'orge (Hordeum vulgare L.) de vari‚t‚ nue (sans glumelles).;Cereal grains;Barley;Barley, naked;Barley grain (Hordeum vulgare L.) of a naked (hulless) variety.
1;C‚r‚ales;1020;Orge;774;Orge floconn‚e;Grain d'orge (Hordeum vulgare L.) ayant subi un floconnage. Il n'est pas s–r que cette appelation distingue les orges aplaties et floconn‚es, les deux termes ‚tant souvent pris l'un pour l'autre.;Cereal grains;Barley;Barley, flaked;Barley grain (Hordeum vulgare L.), flaked. Rolled and flaked barley are almost synonymous.
1;C‚r‚ales;1020;Orge;1314;Orge d‚cortiqu‚e;Grain d'orge (Hordeum vulgare L.) d‚cortiqu‚.;Cereal grains;Barley;Barley, dehulled;Barley grain (Hordeum vulgare L.), decorticated.
1;C‚r‚ales;1020;Orge;1528;Orge 6 rangs de printemps;"Grain d'orge 6 rangs (Hordeum vulgare L.) de vari‚t‚s de printemps. En France, les orges 6 rangs sont plut“t des vari‚t‚s d'hiver.
Synonyme : escourgeon.";Cereal grains;Barley;Barley, 6-row, spring;Barley grain (Hordeum vulgare L.) of a spring, 6-row variety. French 6-row barleys are usually winter varieties.
1;C‚r‚ales;1020;Orge;1569;Orge, prot‚ines > 15 %;Grain d'orge (Hordeum vulgare L.) trŠs riche en prot‚ines (>15%).;Cereal grains;Barley;Barley, protein > 15%;Barley grain (Hordeum vulgare L.), rich in protein (> 15%).
1;C‚r‚ales;1020;Orge;1638;Orge aplatie;Grain d'orge (Hordeum vulgare L.) ayant subi un aplatissage. Il n'est pas s–r que cette appelation distingue les orges aplaties et floconn‚es, les deux termes ‚tant souvent pris l'un pour l'autre.;Cereal grains;Barley;Barley, rolled;Barley grain (Hordeum vulgare L.), rolled. Rolled and flaked barley are almost synonymous.
1;C‚r‚ales;1020;Orge;1639;Orge germ‚e, matiŠre sŠche > 70 %;Grain d'orge (Hordeum vulgare L.) ayant commenc‚ sa germination. Il s'agit en g‚n‚ral de germination non d‚sir‚e.;Cereal grains;Barley;Barley, germinated, dry matter > 70%;Barley grain (Hordeum vulgare L.), germinated (usually by accident).
1;C‚r‚ales;1020;Orge;2373;Orge nue 6 rangs;Grain d'orge 6 rangs (Hordeum vulgare L.) de vari‚t‚ nue (sans glumelles).;Cereal grains;Barley;Barley, 6-row, naked;Barley grain (Hordeum  vulgare L.) of a 6-row, naked (hulless) variety.
1;C‚r‚ales;1020;Orge;2385;Orgette de tri;Grain d'orge (Hordeum vulgare L.) de petite taille rejet‚s lors du tri des grains.;Cereal grains;Barley;Barley, screenings;Barley grains (Hordeum vulgare L.) rejected after a screening process, consisting of small or damaged grains.
1;C‚r‚ales;1020;Orge;2432;Orge chauff‚e;Grain d'orge (Hordeum vulgare L.) soumis … un traitement thermique.;Cereal grains;Barley;Barley, heated;Barley grain (Hordeum vulgare L.), heated by an unspecified process.
1;C‚r‚ales;1020;Orge;2851;Orge tann‚e;Grain d'orge (Hordeum vulgare L.) ayant subi un tannage par une m‚thode non sp‚cifi‚e en vue de prot‚ger les prot‚ines dans le rumen.;Cereal grains;Barley;Barley, rumen-protected;Barley grain (Hordeum vulgare L.), tanned by an unspecified method in order to protect the proteins in the rumen.
1;C‚r‚ales;1020;Orge;2932;Orge biologique;Grain d'orge (Hordeum vulgare L.) issu de l'agriculture biologique.;Cereal grains;Barley;Barley, organic;Barley grain (Hordeum vulgare L.), produced by organic farming.
1;C‚r‚ales;1020;Orge;3045;Orge extrud‚e;Grain d'orge (Hordeum vulgare L.) ayant subi une extrusion.;Cereal grains;Barley;Barley, extruded;Barley grain (Hordeum vulgare L.), extruded.
1;C‚r‚ales;1020;Orge;3055;Orge broy‚e;Grain d'orge (Hordeum vulgare L.) ayant subi un broyage.;Cereal grains;Barley;Barley, ground;Barley grain (Hordeum vulgare L.), ground.
1;C‚r‚ales;1020;Orge;4792;Orge lamin‚e;Grain d'orge (Hordeum vulgare L.) ayant subi un laminage.;Cereal grains;Barley;Barley, laminated;Barley grain (Hordeum vulgare L.), laminated.
1;C‚r‚ales;1020;Orge;4793;Orge floconn‚e d‚cortiqu‚e;Grain d'orge (Hordeum vulgare L.) ayant subi un d‚corticage et un floconnage;Cereal grains;Barley;Barley, dehulled, flaked;Barley grain (Hordeum vulgare L.), dehulled and flaked.
1;C‚r‚ales;1020;Orge;4794;Orge toast‚e;Grain d'orge (Hordeum vulgare L.) ayant subi un toastage.;Cereal grains;Barley;Barley, toasted;Barley grain (Hordeum vulgare L.), toasted.
1;C‚r‚ales;1020;Orge;4831;Orge popp‚e;Grain d'orge (Hordeum vulgare L.) cuit sous pression (25 bars … 300øC dans le systŠme Presco) puis souffl‚e par expansion (popping);Cereal grains;Barley;Barley, popped;Barley grain (Hordeum vulgare L.), pressure cooked (25 bars at 300øC in the Presco system) and popped.
1;C‚r‚ales;1020;Orge;4850;Orge, amidon < 45 %;Grain d'orge (Hordeum vulgare L.) de teneur en amidon < 45% sur brut.;Cereal grains;Barley;Barley, starch < 45%;Barley grain (Hordeum vulgare L.) containing less than 45% of starch (as fed).
1;C‚r‚ales;1020;Orge;7455;Orge expans‚e;Grain d'orge (Hordeum vulgare L.) souffl‚ par expansion (popping);Cereal grains;Barley;Barley, expanded;Barley grain (Hordeum vulgare L.), expanded.
1;C‚r‚ales;1020;Orge;7708;Orge germ‚e biologique;Grain d'orge (Hordeum vulgare L.) ayant commenc‚ sa germination, issue de l'agriculture biologique;Cereal grains;Barley;Barley, germinated, organic;Barley grain (Hordeum vulgare L.), germinated, obtained by organic farming
1;C‚r‚ales;1020;Orge;7743;Orge cireux;Grain d'orge (Hordeum vulgare L.) de vari‚t‚ cireuse.;Cereal grains;Barley;Barley, waxy;Barley grain (Hordeum vulgare L.) from waxy cultivars.
1;C‚r‚ales;1020;Orge;8322;Orge nue, vari‚t‚ cireuse;Grain d'orge (Hordeum vulgare L.) de vari‚t‚ nue (sans glumelles) et cireuse (amidon riche en amypectine);Cereal grains;Barley;Barley, naked, waxy type;Barley grain (Hordeum vulgare L.) of a naked (hulless) and waxy (high amylopectin starch) variety.
1;C‚r‚ales;1020;Orge;8500;Orge germ‚e, matiŠre sŠche < 70 %;Grain d'orge (Hordeum vulgare L.) ayant commenc‚ sa germination. Il s'agit en g‚n‚ral de germination non d‚sir‚e.;Cereal grains;Barley;Barley, germinated, dry matter < 70%;Barley grain (Hordeum vulgare L.), germinated (usually by accident).
1;C‚r‚ales;1020;Orge;8531;Orge trait‚e avec Aliplus;Grain d'orge (Hordeum vulgare L.) trait‚ avec Aliplus, additif commercial contenant de l'ur‚e, des extraits v‚g‚taux, des oligo-‚l‚ments et de l'argile.;Cereal grains;Barley;Barley, treated with Aliplus;Barley grain (Hordeum vulgare L.) treated with Aliplus, a commercial additive containing urea, plant extracts, trace elements and clay.
1;C‚r‚ales;1030;Ma‹s;65;Ma‹s;Grain de ma‹s (Zea mays L.).;Cereal grains;Maize;Maize;Maize grain (Zea mays L.).
1;C‚r‚ales;1030;Ma‹s;291;Ma‹s jaune;Grain de ma‹s (Zea mays L.) de vari‚t‚s … grain jaune.;Cereal grains;Maize;Maize, yellow;Yellow maize grain (Zea mays L.).
1;C‚r‚ales;1030;Ma‹s;292;Ma‹s blanc;Grain de ma‹s (Zea mays L.) … t‚gument blanc.;Cereal grains;Maize;Maize, white;Maize grain (Zea mays L.) with a white tegument.
1;C‚r‚ales;1030;Ma‹s;293;Ma‹s vitreux;Grain de ma‹s (Zea mays L.) de vari‚t‚ vitreuse, d'origine Argentine, destin‚ … la transformation (semoule, corn flakes etc.). Synonymes : flint, plate, plata, hard red.;Cereal grains;Maize;Maize, flint;"Maize grain (Zea mays L.) of ""flint"" varieties. This Argentinian maize is used to make semolina or corn flakes. Other names : plate, plata, hard red."
1;C‚r‚ales;1030;Ma‹s;2648;Ma‹s biologique;Grain de ma‹s (Zea mays L.) issu de l'agriculture biologique.;Cereal grains;Maize;Maize, organic;Maize grain (Zea mays L.), produced by organic farming.
1;C‚r‚ales;1030;Ma‹s;3004;Ma‹s broy‚;Grain de ma‹s (Zea mays L.) ayant subi un broyage.;Cereal grains;Maize;Maize, ground;Maize grain (Zea mays L.), ground.
1;C‚r‚ales;1040;Seigle;139;Seigle;Grain de seigle (Secale cereale L.).;Cereal grains;Rye;Rye;Rye grain (Secale cereale L.).
1;C‚r‚ales;1040;Seigle;1598;Seigle, prot‚ines > 13 %;Grain de seigle (Secale cereale L.) ayant une teneur exceptionnellement ‚lev‚e en prot‚ines (> 13%). Il s'agit essentiellement d'‚chantillons cit‚s dans Baudet, J., Huet, J.C., Moss‚, J., 1987. Interd‚pendance entre la composition en acides amin‚s du grain de seigle et son taux d'azote. Agronomie, 7:813:819;Cereal grains;Rye;Rye, protein > 13%;Rye, protein > 13%
1;C‚r‚ales;1040;Seigle;4836;Seigle biologique;Grain de seigle (Secale cereale L.) issu de l'agriculture biologique.;Cereal grains;Rye;Rye, organic;Rye grain (Secale cereale L.) produced by organic farming.
1;C‚r‚ales;1040;Seigle;7638;Seigle expans‚;Grain de seigle (Secale secale L.) souffl‚ par expansion (popping);Cereal grains;Rye;Rye, expanded;Rye grain (Secale secale L.), expanded.
1;C‚r‚ales;1050;Avoine;173;Avoine blanche d'hiver;Grain d'avoine (Avena sativa L.) de vari‚t‚s d'hiver de couleur blanche.;Cereal grains;Oats;Oats, white, winter;Oat grain (Avena sativa L.) from white-hulled winter cultivars.
1;C‚r‚ales;1050;Avoine;174;Avoine blanche de printemps;Grain d'avoine (Avena sativa L.) de vari‚t‚s de printemps de couleur blanche.;Cereal grains;Oats;Oats, white, spring;Oat grain (Avena sativa L.) from white-hulled spring cultivars.
1;C‚r‚ales;1050;Avoine;175;Avoine noire d'hiver;Grain d'avoine (Avena sativa L.) de vari‚t‚s d'hiver de couleur sombre.;Cereal grains;Oats;Oats, black, winter;Oat grain (Avena sativa L.) from dark-hulled winter cultivars.
1;C‚r‚ales;1050;Avoine;176;Avoine noire de printemps;Grain d'avoine (Avena sativa L.) de vari‚t‚s de printemps de couleur sombre.;Cereal grains;Oats;Oats, black, spring;Oat grain (Avena sativa L.) from dark-hulled spring cultivars.
1;C‚r‚ales;1050;Avoine;224;Avoine;Grain d'avoine (Avena sativa L. en g‚n‚ral, ou Avena nuda L.).;Cereal grains;Oats;Oats;Oat grain (Avena sativa L.).
1;C‚r‚ales;1050;Avoine;466;Avoine floconn‚e;Grain d'avoine (Avena sativa L.) ayant subi un traitement de floconnage (aplatissement et chaleur humide, en principe).;Cereal grains;Oats;Oats, flaked;Flaked oat grain (Avena sativa L.).
1;C‚r‚ales;1050;Avoine;629;Avoine nue;Grain d'avoine nue (Avena nuda L.), espŠce particuliŠre d'avoine (… ne pas confondre avec l'avoine d‚cortiqu‚e). L'avoine nue se distingue de l'avoine commune (Avena sativa L.), par la pr‚sence d'enveloppes fines se d‚tachant trŠs facilement. Les avoines nues sont utilis‚es en alimentation humaine en Chine. Par rapport … l'avoine commune, le grain contient plus de prot‚ines (14-15% MS contre 11-12% MS), moins de fibres et plus de matiŠres grasses.;Cereal grains;Oats;Oats, naked;Oat grain (Avena nuda L.) from a hulless species. Naked oats contain more protein (14-15%DM vs 11-12%DM), less fibre and more fat.
1;C‚r‚ales;1050;Avoine;767;Avoine maigre, prot‚ines > 14 %;Grain d'avoine riche en prot‚ines (> 14% sur brut) dont un ‚chantillon d'avoine Hinoat (Avena strigosa Schreb. x sativa L.), d'origine Canadienne, d‚velopp‚e (1973) initialement pour l'alimentation humaine.;Cereal grains;Oats;Lopsided oats, protein > 14%;Oat grain of protein-rich (> 14 % as fed) cultivars, including the Hinoat oats (Avena strigosa Schreb. x sativa L.) initially developed in Canada (1973) as a food grain.
1;C‚r‚ales;1050;Avoine;1259;Avoine sauvage (Avena fatua), grain d‚cortiqu‚e;Grain d'avoine sauvage (Avena fatua L.), dont les enveloppes ont ‚t‚ retir‚es.;Cereal grains;Oats;Oats, wild (Avena fatua), dehulled;Decorticated wild oat grain (Avena fatua L.).
1;C‚r‚ales;1050;Avoine;1309;Avoine d‚cortiqu‚e;Grain d'avoine (Avena sativa L. en principe) dont les enveloppes ont ‚t‚ retir‚es.;Cereal grains;Oats;Oats, dehulled;Decorticated oat grain (Avena sativa L.).
1;C‚r‚ales;1050;Avoine;1629;Avoine noire;Grain d'avoine (Avena sativa L.) de vari‚t‚s de couleur sombre.;Cereal grains;Oats;Oats, black;Oat grain (Avena sativa L.) from dark-hulled cultivars.
1;C‚r‚ales;1050;Avoine;1630;Avoine blanche;Grain d'avoine (Avena sativa L.) de vari‚t‚s de couleur blanche.;Cereal grains;Oats;Oats, white;Oat grain (Avena sativa L.) from white-hulled cultivars.
1;C‚r‚ales;1050;Avoine;2142;Avoine floconn‚e stabilis‚e … la vapeur;"Grain d'avoine (Avena sativa L.) ayant subi un traitement de floconnage (aplatissement et chaleur humide, en principe) suivi d'une ""stabilisation par la vapeur"", traitement ind‚termin‚.";Cereal grains;Oats;Oats, flaked, steamed;Flaked oat grain (Avena sativa L.) treated with steam in order to stabilise its composition.
1;C‚r‚ales;1050;Avoine;2434;Avoine toast‚e;Grain d'avoine (Avena sativa L.) ayant subi un toastage.;Cereal grains;Oats;Oats, toasted;Toasted oat grain (Avena sativa L.).
1;C‚r‚ales;1050;Avoine;2804;Avoine floconn‚e d‚cortiqu‚e;Grain d'avoine (Avena sativa L.) ayant subi un traitement de floconnage (aplatissement et chaleur humide, en principe) et un d‚corticage.;Cereal grains;Oats;Oats, dehulled, flaked;Decorticated, flaked oat grain (Avena sativa L.).
1;C‚r‚ales;1050;Avoine;2927;Avoine biologique;Grain d'avoine (Avena sativa L. en g‚n‚ral, ou Avena nuda L.) issu de l'agriculture biologique.;Cereal grains;Oats;Oats, organic;Oat grain (Avena sativa L.), produced by organic farming.
1;C‚r‚ales;1050;Avoine;2981;Avoine germ‚e humide;Grain d'avoine germ‚ humide (Avena sativa L.).;Cereal grains;Oats;Oats, germinated, fresh;Oat grain, germinated and fresh (Avena sativa L.).
1;C‚r‚ales;1050;Avoine;4722;Avoine nue, biologique;Grain d'avoine nue (Avena nuda L.), issu de l'agriculture biologique.;Cereal grains;Oats;Oats, naked, organic;Oat grain (Avena nuda L.) from a hulless species, produced by organic farming.
1;C‚r‚ales;1050;Avoine;4846;Avoine d‚cortiqu‚e biologique;Grain d'avoine (Avena sativa L. en principe) dont les enveloppes ont ‚t‚ retir‚es, issues de l'agriculture biologique.;Cereal grains;Oats;Oats, dehulled, organic;Decorticated oat grain (Avena sativa L.) produced by organic farming.
1;C‚r‚ales;1050;Avoine;7862;Avoine ‚point‚e;Grain d'avoine (Avena sativa L. en principe) dont les enveloppes ont ‚t‚ retir‚es et qui a ‚t‚ coup‚ en petits morceaux.;Cereal grains;Oats;Oats, steel-cut;Decorticated oat grain (Avena sativa L.) chopped into small pieces.
1;C‚r‚ales;1050;Avoine;7881;Avoine d‚cortiqu‚e toast‚e;Grain d'avoine (Avena sativa L.) ayant subi un d‚corticage et un toastage.;Cereal grains;Oats;Oats, dehulled, toasted;Toasted and dehulled oat grain (Avena sativa L.).
1;C‚r‚ales;1050;Avoine;8560;Avoine extrud‚e;Grain d'avoine (Avena sativa L. en g‚n‚ral, ou Avena nuda L.) ayant subi une extrusion.;Cereal grains;Oats;Oats, extruded;Oat grain (Avena sativa L.), extruded.
1;C‚r‚ales;1060;Sorgho;287;Sorgho;Grain de sorgho (Sorghum bicolor (L.) Moench).;Cereal grains;Sorghum;Sorghum;Grain of sorghum (Sorghum bicolor (L.) Moench).
1;C‚r‚ales;1060;Sorgho;773;Sorgho riche en tanins;Grain de sorgho (Sorghum bicolor (L.) Moench) riche en tanins (> 0,2 %MS environ, mais seuil variable).;Cereal grains;Sorghum;Sorghum, high-tannin;Grain of sorghum (Sorghum bicolor (L.) Moench) from a variety with a high tannin content (>0.2%DM usually but the threshold is variable).
1;C‚r‚ales;1060;Sorgho;905;Sorgho, prot‚ines > 14 %;Grain de sorgho (Sorghum bicolor (L.) Moench) ayant une teneur en prot‚ines sup‚rieure … 14% sur brut.;Cereal grains;Sorghum;Sorghum, protein > 14%;Grain of sorghum (Sorghum bicolor (L.) Moench) having a protein content higher than 14% as fed.
1;C‚r‚ales;1060;Sorgho;956;Sorgho cireux riche en tanins;Grain de sorgho (Sorghum bicolor (L.) Moench) de vari‚t‚ cireuse et riche en tanins (>0.2%MS environ, mais seuil variable).;Cereal grains;Sorghum;Sorghum, waxy, high-tannin;Grain of sorghum (Sorghum bicolor (L.) Moench) from a waxy variety with a high tannin content (>0.2%DM usually but the threshold is variable).
1;C‚r‚ales;1060;Sorgho;959;Sorgho cireux faible en tanins;Grain de sorgho (Sorghum bicolor (L.) Moench) de vari‚t‚ cireuse et pauvre en tanins (<0.2%MS environ, mais seuil variable).;Cereal grains;Sorghum;Sorghum, waxy, low-tannin;Grain of sorghum (Sorghum bicolor (L.) Moench) from a waxy variety with a low tannin content (<0.2%DM usually but the threshold is variable).
1;C‚r‚ales;1060;Sorgho;960;Sorgho faible en tanins;Grain de sorgho (Sorghum bicolor (L.) Moench) de vari‚t‚s pauvres en tanins.;Cereal grains;Sorghum;Sorghum, low-tannin;Grain of sorghum (Sorghum bicolor (L.) Moench) from a variety with a low tannin content.
1;C‚r‚ales;1060;Sorgho;1641;Sorgho blanc;Grain de sorgho (Sorghum bicolor (L.) Moench) avec des t‚guments clairs.;Cereal grains;Sorghum;Sorghum, white;Grain of sorghum (Sorghum bicolor (L.) Moench) from a variety having clear teguments.
1;C‚r‚ales;1060;Sorgho;1642;Sorgho floconn‚;Grain de sorgho (Sorghum bicolor (L.) Moench) ayant subi un floconnage.;Cereal grains;Sorghum;Sorghum, flaked;Flaked grain of sorghum (Sorghum bicolor (L.) Moench).
1;C‚r‚ales;1060;Sorgho;2285;Sorgho rouge;Grain de sorgho (Sorghum bicolor (L.) Moench) ayant des t‚guments color‚s, rouge … brun. Ces vari‚t‚s sont normalement plus riches en tanins que les vari‚t‚s blanches ou jaunes.;Cereal grains;Sorghum;Sorghum, red;Grain of sorghum (Sorghum bicolor (L.) Moench) from a variety having colored, reddish teguments. These varieties should have a higher tannin content than the white or yellow ones.
1;C‚r‚ales;1060;Sorgho;2337;Sorgho, amidon < 60 %;Grain de sorgho (Sorghum bicolor (L.) Moench) ayant une teneur en amidon faible < 60%.;Cereal grains;Sorghum;Sorghum, starch < 60%;Grain of sorghum (Sorghum bicolor (L.) Moench) grown in bad climatic conditions, leading to a low starch content (< 60 % as fed) and a bad overall quality.
1;C‚r‚ales;1060;Sorgho;2823;Sorgho jaune;Grain de sorgho (Sorghum bicolor (L.) Moench) avec des t‚guments jaune clair.;Cereal grains;Sorghum;Sorghum, yellow;Grain of sorghum (Sorghum bicolor (L.) Moench) from a variety having light-colored, yellowish teguments.
1;C‚r‚ales;1060;Sorgho;4435;Sorgho sauvage (Sorghum bicolor subsp. verticilliflorum);Grain de sorgho sauvage (Sorghum bicolor (L.) Moench subsp. verticilliflorum (Steud.) de Wet ex Wiersema & J. Dahlb.);Cereal grains;Sorghum;Wild sorghum (Sorghum bicolor subsp. verticilliflorum), grain;Wild sorghum (Sorghum bicolor (L.) Moench subsp. verticilliflorum (Steud.) de Wet ex Wiersema & J. Dahlb.), grain
1;C‚r‚ales;1060;Sorgho;4821;Sorgho biologique;Grain de sorgho (Sorghum bicolor (L.) Moench) issu de l'agriculture biologique.;Cereal grains;Sorghum;Sorghum, organic;Grain of sorghum (Sorghum bicolor (L.) Moench) produced by organic farming.
1;C‚r‚ales;1060;Sorgho;7728;Sorgho extrud‚;Grain de sorgho (Sorghum bicolor (L.) Moench) ayant subi une extrusion;Cereal grains;Sorghum;Sorghum, extruded;Grain of sorghum (Sorghum bicolor (L.) Moench), extruded
1;C‚r‚ales;1060;Sorgho;7729;Sorgho expans‚;Grain de sorgho (Sorghum bicolor (L.) Moench) ayant subi une expansion;Cereal grains;Sorghum;Sorghum, expanded;Grain of sorghum (Sorghum bicolor (L.) Moench), expanded
1;C‚r‚ales;1060;Sorgho;8110;Sorgho d‚cortiqu‚;Grain de sorgho (Sorghum bicolor (L.) Moench) d‚cortiqu‚;Cereal grains;Sorghum;Sorghum, dehulled;Grain of sorghum (Sorghum bicolor (L.) Moench), dehulled
1;C‚r‚ales;1070;Triticale;177;Triticale;Grain de triticale (ž Triticosecale Wittm. ex A. Camus.).;Cereal grains;Triticale;Triticale;Triticale grain (ž Triticosecale Wittm. ex A. Camus.).
1;C‚r‚ales;1070;Triticale;1643;Triticale floconn‚;Grain de triticale (ž Triticosecale Wittm. ex A. Camus.) floconn‚.;Cereal grains;Triticale;Triticale, flaked;Flaked triticale grain (ž Triticosecale Wittm. ex A. Camus.).
1;C‚r‚ales;1070;Triticale;2813;Triticale tann‚;Grain de triticale (ž Triticosecale Wittm. ex A. Camus.) ayant subi un tannage (traitement ind‚termin‚).;Cereal grains;Triticale;Triticale, rumen-protected;Triticale grain (ž Triticosecale Wittm. ex A. Camus.), tanned by an unspecified method in order to protect the proteins in the rumen.
1;C‚r‚ales;1070;Triticale;2936;Triticale biologique;Grain de triticale (ž Triticosecale Wittm. ex A. Camus.) issu de l'agriculture biologique.;Cereal grains;Triticale;Triticale, organic;Triticale grain (ž Triticosecale Wittm. ex A. Camus.), grown by organic farming.
1;C‚r‚ales;1070;Triticale;3050;Triticale germ‚;Grain de triticale (ž Triticosecale Wittm. ex A. Camus.) ayant commenc‚ … germer.;Cereal grains;Triticale;Triticale, germinated;Triticale grain (ž Triticosecale Wittm. ex A. Camus.), germinated.
1;C‚r‚ales;1070;Triticale;5065;Triticale aplati;Grain de triticale (ž Triticosecale Wittm. ex A. Camus.) ayant subi un aplatissage.;Cereal grains;Triticale;Triticale, rolled;Triticale grain (ž Triticosecale Wittm. ex A. Camus.), rolled.
1;C‚r‚ales;1070;Triticale;5105;Triticale lamin‚;Grain de triticale (ž Triticosecale Wittm. ex A. Camus.) ayant subi un laminage.;Cereal grains;Triticale;Triticale, laminated;Triticale grain (ž Triticosecale Wittm. ex A. Camus.), laminated.
1;C‚r‚ales;1075;Riz;178;Brisures de riz poli;Coproduit de rizerie obtenu aprŠs le polissage et constitu‚ de grains de riz (Oryza sativa L.) bris‚s ou de petite taille et non utilisables en alimentation humaine. Les brisures de riz ont une composition chimique trŠs proche de celle du grain de riz poli entier.;Cereal grains;Rice;Rice, polished, broken;Broken rice (Oryza sativa L.) grains, often a byproduct of rice polishing. Broken rice has a composition similar to the whole grain.
1;C‚r‚ales;1075;Riz;704;Riz paddy;Grain de riz (Oryza sativa L.) entier, encore entour‚ de ses balles. Une fois celles-ci ‚limin‚es, on obtient le riz cargo (riz brun, riz d‚cortiqu‚).;Cereal grains;Rice;Rice, paddy;Whole rice grain (Oryza sativa L.) containing the the hulls. Paddy rice will be further decorticated into brown rice (elimination of the hulls), pearled (elimination of the germ and pericarp) and polished. Other name : paddi.
1;C‚r‚ales;1075;Riz;914;Riz cargo;"Grain de riz (Oryza sativa L.) obtenu par d‚corticage du riz paddy, d‚barrass‚ des balles mais contenant encore le p‚ricarpe. Le riz cargo doit ensuite ˆtre blanchi (‚limination du p‚ricarpe et des germes) et poli.
Synonymes : riz d‚cortiqu‚, riz brun.";Cereal grains;Rice;Rice, brown;Decorticated rice grain (Oryza sativa L.) without hulls but with the pericarps. Brown rice will be further pearled (elimination of the germ and pericarp) and polished to obtain the food-grade rice.
1;C‚r‚ales;1075;Riz;1474;Riz poli;Grain de riz poli (Oryza sativa L.). Le riz poli est le produit final utilis‚ en alimentation humaine.;Cereal grains;Rice;Rice, polished;Polished rice grain (Oryza sativa L.). This is the final, food-grade rice, without hulls, pericarp, and outer grain layers.
1;C‚r‚ales;1075;Riz;1640;Riz extrud‚;Grain de riz blanchi (Oryza sativa L.) ayant subi une extrusion.;Cereal grains;Rice;Rice, extruded;Extruded, polished rice grain (Oryza sativa L.).
1;C‚r‚ales;1075;Riz;2781;Riz expans‚;Grain de riz (Oryza sativa L.) ayant subi une expansion. Il s'agit probablement de riz blanchi.;Cereal grains;Rice;Rice, expanded;Expanded rice grain (Oryza sativa L.) probably polished rice.
1;C‚r‚ales;1075;Riz;2911;Semoule de riz;Produit de rizerie obtenu aprŠs le polissage et constitu‚ de grains de riz (Oryza sativa L.) bris‚s et moulus. Ce produit est utilis‚ en principe pour lïalimentation et pour la fabrication des c‚r‚ales pour le petit d‚jeuner.;Cereal grains;Rice;Rice semolina;Broken and ground polished rice (Oryza sativa L.) grains. This product is normally used in food products and for making breakfast cereals.
1;C‚r‚ales;1075;Riz;2979;Riz pr‚cuit;Grain de riz poli et cuit (Oryza sativa L.) utilis‚ en alimentation humaine.;Cereal grains;Rice;Rice, pre-cooked;Polished and cooked rice grain (Oryza sativa L.) used as human food.
1;C‚r‚ales;1075;Riz;4757;Riz cuit;Grain de riz blanchi (Oryza sativa L.) ayant subi une cuisson.;Cereal grains;Rice;Rice, cooked;Cooked, polished rice grain (Oryza sativa L.).
1;C‚r‚ales;1075;Riz;4835;Riz floconn‚;Grain de riz (Oryza sativa L.) ayant subi un floconnage.;Cereal grains;Rice;Rice, flaked;Flaked rice grain (Oryza sativa L.).
1;C‚r‚ales;1075;Riz;5715;Riz paddy broy‚;Riz paddy broy‚ (Oryza sativa L.);Cereal grains;Rice;Rice grain, paddy, crushed;Rice grain, paddy, crushed (Oryza sativa L.)
1;C‚r‚ales;1075;Riz;5716;Riz paddy germ‚;Riz paddy germ‚ (Oryza sativa L.);Cereal grains;Rice;Rice grain, paddy, sprouted;Rice grain, paddy, sprouted (Oryza sativa L.)
1;C‚r‚ales;1075;Riz;5717;Riz paddy floconn‚;Riz paddy floconn‚ (Oryza sativa L.);Cereal grains;Rice;Rice grain, paddy, steam-flaked;Rice grain, paddy, steam-flaked (Oryza sativa L.)
1;C‚r‚ales;1075;Riz;6843;Riz paddy ensil‚;Riz paddy ensil‚ (Oryza sativa L.);Cereal grains;Rice;Rice grain, paddy, silage;Rice grain, paddy, ensiled (Oryza sativa L.)
1;C‚r‚ales;1075;Riz;7730;Riz cargo extrud‚;Grain de riz (Oryza sativa L.) obtenu par d‚corticage du riz paddy, ayant subi une extrusion;Cereal grains;Rice;Rice, brown, extruded;Decorticated rice grain (Oryza sativa L.) without hulls but with the pericarp, extruded
1;C‚r‚ales;1075;Riz;7731;Riz cargo expans‚;Grain de riz (Oryza sativa L.) obtenu par d‚corticage du riz paddy, ayant subi une expansion;Cereal grains;Rice;Rice, brown, expanded;Decorticated rice grain (Oryza sativa L.) without hulls but with the pericarp, expanded
1;C‚r‚ales;1075;Riz;7883;Riz poli floconn‚;Grain de riz (Oryza sativa L.) ayant subi un polissage suivi d'un floconnage.;Cereal grains;Rice;Rice, polished, flaked;Flaked and polished rice grain (Oryza sativa L.).
1;C‚r‚ales;1075;Riz;8225;Brisures de riz cargo;Coproduit de rizerie constitu‚ de grains de riz (Oryza sativa L.) cargo (avec p‚ricarpe) bris‚s ou de petite taille et non utilisables en alimentation humaine.;Cereal grains;Rice;Rice, brown, broken;Broken rice (Oryza sativa L.) grains, without hulls but with the pericarp.
1;C‚r‚ales;1075;Riz;8628;Brisures de riz poli extrud‚es;Coproduit de rizerie obtenu aprŠs le polissage et constitu‚ de grains de riz (Oryza sativa L.) bris‚s ou de petite taille et non utilisables en alimentation humaine. Les brisures de riz ont une composition chimique trŠs proche de celle du grain de riz poli entier. Ce produit est ensuite extrud‚.;Cereal grains;Rice;Rice, polished, broken, extruded;Broken rice (Oryza sativa L.) grains, often a byproduct of rice polishing. Broken rice has a composition similar to the whole grain. This product is later extruded.
1;C‚r‚ales;1080;C‚r‚ales (autres);684;Millet commun (Panicum miliaceum);Graine de millet commun (Panicum miliaceum L.). Synonymes : mil, proso, milo.;Cereal grains;Other cereals;Common millet (Panicum miliaceum), grain;Grain of common millet (Panicum miliaceum L.). Other name : proso millet.
1;C‚r‚ales;1080;C‚r‚ales (autres);830;Sarrasin (Fagopyrum esculentum);Graine de sarrasin (Fagopyrum esculentum L.).;Cereal grains;Other cereals;Buckwheat (Fagopyrum esculentum);Buckwheat grain (Fagopyrum esculentum L.).
1;C‚r‚ales;1080;C‚r‚ales (autres);969;Mil (Pennisetum glaucum);Graine de mil (Pennisetum glaucum (L.) R. Br.).  Synonymes : millet pearl, bulrush millet, millet … chandelle, mil chandelle, millet indien, petit mil, bajra. Autres noms scientifiques : Pennisetum americanum (L.) Leeke, P. typhoides. C'est l'espŠce de millet la plus cultiv‚e et c'est une c‚r‚ale traditionnelle en Afrique de l'Ouest, en particulier au Sahel.;Cereal grains;Other cereals;Pearl millet (Pennisetum glaucum), grain;Grain of pearl millet (Pennisetum glaucum (L.) R. Br.).  Other name : bulrush millet. Other scientific names : Pennisetum americanum (L.) Leeke, P. typhoides. Pearl millet is the most widely grown of all millets and it is a traditional crop in Western Africa, particularly in the Sahel.
1;C‚r‚ales;1080;C‚r‚ales (autres);970;Eleusine (Eleusine coracana);Graine d'‚leusine (Eleusine coracana (L.) Gaertn.). Synonymes : eleusine, millet africain, millet indien, rupuko, ragi.;Cereal grains;Other cereals;Finger millet (Eleusine coracana), grain;Grain of finger millet (Eleusine coracana (L.) Gaertn.). Other name : eleusine.
1;C‚r‚ales;1080;C‚r‚ales (autres);1290;Brisures de c‚r‚ales;Fragments de grains de c‚r‚ales d'origine ind‚termin‚e.;Cereal grains;Other cereals;Cereal, broken;Broken grains of unspecified cereals.
1;C‚r‚ales;1080;C‚r‚ales (autres);1611;Millet des oiseaux (Setaria italica);Graine de millet des oiseaux (Setaria italica (L.) Beauv.). Synonyme : s‚taire d'Italie, foxtail millet, moha;Cereal grains;Other cereals;Foxtail millet (Setaria italica), grain;Grain of foxtail millet (Setaria italica (L.) Beauv.).
1;C‚r‚ales;1080;C‚r‚ales (autres);1633;Epeautre (Triticum spelta);Grain d'‚peautre (Triticum spelta L.), espŠce de bl‚ dont la balle adhŠre fortement au grain.;Cereal grains;Other cereals;Spelt (Triticum spelta);Spelt grain (Triticum spelta L.).
1;C‚r‚ales;1080;C‚r‚ales (autres);1636;Millet blanc;Graine d'une espŠce de millet ind‚termin‚e, probablement … enveloppes claires.;Cereal grains;Other cereals;Millet, white, grain;Grain of an unknown millet species, probably with light-colored teguments.
1;C‚r‚ales;1080;C‚r‚ales (autres);1637;Millet rouge;Graine d'une espŠce de millet ind‚termin‚e, probablement … enveloppes color‚es.;Cereal grains;Other cereals;Millet, red, grain;Grain of an unknown millet species, probably with colored teguments.
1;C‚r‚ales;1080;C‚r‚ales (autres);1840;Millet des oiseaux (Setaria italica) d‚cortiqu‚, vari‚t‚ non glutineuse;Graine d‚cortiqu‚e de millet des oiseaux (Setaria italica (L.) Beauv.) d'une vari‚t‚ pauvre en gluten. Synonymes : s‚taire d'Italie, foxtail millet, moha;Cereal grains;Other cereals;Foxtail millet (Setaria italica), grain, dehulled, low-gluten;Dehulled grain of foxtail millet (Setaria italica (L.) Beauv.) from a low-gluten variety.
1;C‚r‚ales;1080;C‚r‚ales (autres);1841;Millet des oiseaux (Setaria italica) d‚cortiqu‚, vari‚t‚ glutineuse;Graine de millet des oiseaux (Setaria italica (L.) Beauv.) d'une vari‚t‚ riche en gluten. Synonymes : s‚taire d'Italie, foxtail millet, moha.;Cereal grains;Other cereals;Foxtail millet (Setaria italica), grain, dehulled, high-gluten;Dehulled grain of foxtail millet (Setaria italica (L.) Beauv.) from a high-gluten variety.
1;C‚r‚ales;1080;C‚r‚ales (autres);2143;Bl‚ et orge floconn‚s;M‚lange floconn‚ de grains de bl‚ (Triticum aestivum L.) et d'orge (Hordeum vulgare L.) en proportions ind‚termin‚es.;Cereal grains;Other cereals;Wheat and barley, flaked;Mixture of wheat (Triticum aestivum L.) and barley (Hordeum vulgare L.), flaked.
1;C‚r‚ales;1080;C‚r‚ales (autres);2270;Grain d'herbe de Guin‚e (Megathyrsus maximus);Grain d'herbe de Guin‚e (Megathyrsus maximus (Jacq.) B. K. Simon & S. W. L. Jacobs). Appellation incertaine au niveau de l'‚chantillon.;Cereal grains;Other cereals;Guinea grass (Megathyrsus maximus), grain;Grain of Guinea grass (Megathyrsus maximus (Jacq.) B. K. Simon & S. W. L. Jacobs).
1;C‚r‚ales;1080;C‚r‚ales (autres);2350;Quinoa (Chenopodium quinoa);Graine de quinoa (Chenopodium quinoa Willd.). Le quinoa est une c‚r‚ale andine cultiv‚e pour sa graine utilis‚e en alimentation humaine. Egalement appel‚e quinua ou riz du P‚rou.;Cereal grains;Other cereals;Quinoa (Chenopodium quinoa), seed;Quinoa seed (Chenopodium quinoa Willd.). The quinoa is an Andean cereal cultivated for its seed. Other name : quinua.
1;C‚r‚ales;1080;C‚r‚ales (autres);2351;Canihua (Chenopodium pallidicaule), graine;Graine de canihua (Chenopodium pallidicaule Heller). Le canihua est une c‚r‚ale andine proche du quinoa, dont la graine est utilis‚e cuite ou pour faire de la farine.;Cereal grains;Other cereals;Canihua (Chenopodium pallidicaule), seed;Canihua seed (Chenopodium pallidicaule Heller). Canihua is a Andean cereal closely related to quinoa.
1;C‚r‚ales;1080;C‚r‚ales (autres);2427;C‚r‚ales expans‚es;Grains de c‚r‚ales (espŠces ind‚termin‚es) ayant subi une expansion.;Cereal grains;Other cereals;Cereals, expanded;Ceral grains (unknown species), expanded.
1;C‚r‚ales;1080;C‚r‚ales (autres);2591;Alpiste (Phalaris canariensis);Grain d'alpiste (Phalaris canariensis L.). L'alpiste est cultiv‚ pour servir … l'alimentation des oiseaux de compagnie.;Cereal grains;Other cereals;Canary seed (Phalaris canariensis), grain;Canary seed grain (Phalaris canariensis L.), used as a feed for pet birds.
1;C‚r‚ales;1080;C‚r‚ales (autres);2616;Flocons de ma‹s et d'orge 50/50;M‚lange floconn‚ de grains de ma‹s (Zea mays L.) et d'orge (Hordeum vulgare L.) en proportion 50/50.;Cereal grains;Other cereals;Maize and barley grains, flaked, 50/50;Flaked mixture of maize (Zea mays L.) and barley (Hordeum vulgare L.) grain in a proportion of 50/50.
1;C‚r‚ales;1080;C‚r‚ales (autres);2683;Quinoa (Chenopodium quinoa) graine d‚cortiqu‚e;Graine de quinoa (Chenopodium quinoa Willd.) d‚cortiqu‚e. Le quinoa est une c‚r‚ale andine cultiv‚e pour sa graine utilis‚e en alimentation humaine. Egalement appel‚e quinua ou riz du P‚rou.;Cereal grains;Other cereals;Quinoa (Chenopodium quinoa), seed, dehulled;Decorticated quinoa seed (Chenopodium quinoa Willd.). The quinoa is an Andean cereal cultivated for its seed. Other name : quinua.
1;C‚r‚ales;1080;C‚r‚ales (autres);2732;Flocons de c‚r‚ales 90/10 extrud‚;M‚lange floconn‚ et extrud‚ de deux c‚r‚ales en proportions 90/10.;Cereal grains;Other cereals;Cereal grains, flaked, extruded, 90/10;Extruded mixture of unspecified cereals, in a proportion of 90/10.
1;C‚r‚ales;1080;C‚r‚ales (autres);2943;Sarrasin (Fagopyrum esculentum) biologique;Graine de sarrasin (Fagopyrum esculentum L.) issue de l'agriculture biologique.;Cereal grains;Other cereals;Buckwheat (Fagopyrum esculentum), organic;Buckwheat seed (Fagopyrum esculentum L.) produced by organic farming.
1;C‚r‚ales;1080;C‚r‚ales (autres);3034;Epeautre (Triticum spelta) biologique;Grain d'‚peautre (Triticum spelta L.) issu de l'agriculture biologique.;Cereal grains;Other cereals;Spelt (Triticum spelta), organic;Spelt grain (Triticum spelta L.), produced by organic farming.
1;C‚r‚ales;1080;C‚r‚ales (autres);3718;Grain de teff (Eragrostis tef);Grain de teff (Eragrostis tef (Zucc.) Trotter);Cereal grains;Other cereals;Teff (Eragrostis tef), grain;Seed of teff (Eragrostis tef (Zucc.) Trotter)
1;C‚r‚ales;1080;C‚r‚ales (autres);4122;Graine de panic (Steinchisma laxum);Graines de panic (Panicum laxum Sw.);Cereal grains;Other cereals;Panic (Steinchisma laxum), seed;Steinchisma (Steinchisma laxum (Sw.) Zuloaga), seed
1;C‚r‚ales;1080;C‚r‚ales (autres);4141;Graine de panic (Panicum turgidum);Graines de panic (Panicum turgidum Forssk.);Cereal grains;Other cereals;Panic (Panicum turgidum), seed;Panic (Panicum turgidum Forssk.), seed
1;C‚r‚ales;1080;C‚r‚ales (autres);5141;Millet;Graine de millet d'espŠce ind‚termin‚e.;Cereal grains;Other cereals;Millet, grain;Grain of millet of unknown species.
1;C‚r‚ales;1080;C‚r‚ales (autres);5174;Graine de ray-grass;Graine de ray-grass (Lolium spp.).;Cereal grains;Other cereals;Ryegrass seed;Ryegrass seed (Lolium spp.).
1;C‚r‚ales;1080;C‚r‚ales (autres);7295;Mil (Pennisetum glaucum) d‚cortiqu‚;Graine de mil (Pennisetum glaucum (L.) R. Br.).  Synonymes : millet pearl, bulrush millet, millet … chandelle, mil chandelle, millet indien, petit mil, bajra. Autres noms scientifiques : Pennisetum americanum (L.) Leeke, P. typhoides.;Cereal grains;Other cereals;Pearl millet (Pennisetum glaucum), grain, dehulled;Grain of pearl millet (Pennisetum glaucum (L.) R. Br.), dehulled.  Other name : bulrush millet. Other scientific names : Pennisetum americanum (L.) Leeke, P. typhoides.
1;C‚r‚ales;1080;C‚r‚ales (autres);7339;Grain de scrobic (Paspalum scrobiculatum);Grain de scrobic (Paspalum scrobiculatum L.);Cereal grains;Other cereals;Scrobic (Paspalum scrobiculatum), grain;Seed of scrobic (Paspalum scrobiculatum L.)
1;C‚r‚ales;1080;C‚r‚ales (autres);7340;Grain de scrobic (Paspalum scrobiculatum), d‚cortiqu‚;Grain de scrobic (Paspalum scrobiculatum L.);Cereal grains;Other cereals;Scrobic (Paspalum scrobiculatum), grain, dehulled;Seed of scrobic (Paspalum scrobiculatum L.)
1;C‚r‚ales;1080;C‚r‚ales (autres);7465;Grain de panic d'eau (Echinochloa frumentacea);Grain de panic d'eau (Echinochloa frumentacea Link);Cereal grains;Other cereals;Indian barnyard millet (Echinochloa frumentacea), grain;Seed of indian barnyard millet (Echinochloa frumentacea Link)
1;C‚r‚ales;1080;C‚r‚ales (autres);7475;Grain de panic (Panicum antidotale);Grain de panic (Panicum antidotale Retz.);Cereal grains;Other cereals;Blue panic (Panicum antidotale), grain;Seed of blue panic (Panicum antidotale Retz.)
1;C‚r‚ales;1080;C‚r‚ales (autres);7525;Grain d'egyptian crowfoot grass (Dactyloctenium aegyptium);Grain d'egyptian crowfoot grass (Dactyloctenium aegyptium (L.) Willd.);Cereal grains;Other cereals;Egyptian crowfoot grass (Dactyloctenium aegyptium), grain;Seed of Egyptian crowfoot grass (Dactyloctenium aegyptium (L.) Willd.)
1;C‚r‚ales;1080;C‚r‚ales (autres);7566;Grain de cram-cram (Cenchrus biflorus);Grain de cram-cram (Cenchrus biflorus Roxb.);Cereal grains;Other cereals;Indian sandbur (Cenchrus biflorus), grain;Seed of indian sandbur (Cenchrus biflorus Roxb.)
1;C‚r‚ales;1080;C‚r‚ales (autres);7571;Grain de panic pied-de-coq (Echinochloa colona);Grain de panic pied-de-coq (Echinochloa colona (L.) Link);Cereal grains;Other cereals;Jungle rice (Echinochloa colona), grain;Seed of jungle rice (Echinochloa colona (L.) Link)
1;C‚r‚ales;1080;C‚r‚ales (autres);7620;Grain de pennisetum (Pennisetum violaceum);Grain de pennisetum (Pennisetum violaceum (Lam.) Rich..);Cereal grains;Other cereals;Pennisetum (Pennisetum violaceum), grain;Seed of pennisetum (Pennisetum violaceum (Lam.) Rich..)
1;C‚r‚ales;1080;C‚r‚ales (autres);7632;Grain de riz rouge (Oryza punctata);Grain de riz rouge (Oryza punctata Kotschy ex Steud.);Cereal grains;Other cereals;Red rice (Oryza punctata), grain;Seed of red rice (Oryza punctata Kotschy ex Steud.)
1;C‚r‚ales;1080;C‚r‚ales (autres);7892;Grain de panic pied-de-coq (Echinochloa crus-galli);Grain de panic pied-de-coq (Echinochloa crus-galli (L.) P.Beauv.);Cereal grains;Other cereals;Cockspur grass (Echinochloa crus-galli), grain;Seed of cockspur grass (Echinochloa crus-galli (L.) P.Beauv.)
1;C‚r‚ales;1080;C‚r‚ales (autres);8114;Eleusine (Eleusine coracana) d‚cortiqu‚e;Graine d'‚leusine (Eleusine coracana (L.) Gaertn.) d‚cortiqu‚e. Synonymes : eleusine, millet africain, millet indien, rupuko, ragi.;Cereal grains;Other cereals;Finger millet (Eleusine coracana), grain, dehulled;Dehulled grain of finger millet (Eleusine coracana (L.) Gaertn.). Other name : eleusine.
1;C‚r‚ales;1080;C‚r‚ales (autres);8150;Sarrasin (Fagopyrum esculentum) d‚cortiqu‚;Graine de sarrasin (Fagopyrum esculentum L.) d‚cortiqu‚e;Cereal grains;Other cereals;Buckwheat (Fagopyrum esculentum), dehulled;Dehulled buckwheat grain (Fagopyrum esculentum L.).
1;C‚r‚ales;1080;C‚r‚ales (autres);8155;Sarrasin de Tartarie (Fagopyrum tataricum);Grain de sarrasin de Tartarie (Fagopyrum tataricum (L.) Gaertn);Cereal grains;Other cereals;Tartary buckwheat (Fagopyrum tataricum);Seed of tartary buckwheat (Fagopyrum tataricum (L.) Gaertn)
1;C‚r‚ales;1080;C‚r‚ales (autres);8157;Sarrasin de Tartarie (Fagopyrum tataricum) d‚cortiqu‚;Grain de sarrasin de Tartarie (Fagopyrum tataricum (L.) Gaertn) d‚cortiqu‚;Cereal grains;Other cereals;Tartary buckwheat (Fagopyrum tataricum), dehulled;Seed of tartary buckwheat (Fagopyrum tataricum (L.) Gaertn), dehulled
1;C‚r‚ales;1080;C‚r‚ales (autres);8239;Grain de s‚taire verte (Setaria viridis);Grain de s‚taire verte (Setaria viridis (L.) P. Beauv.);Cereal grains;Other cereals;Green foxtail (Setaria viridis), grain;Seed of green foxtail (Setaria viridis (L.) P. Beauv.)
1;C‚r‚ales;1080;C‚r‚ales (autres);8240;Grain de s‚taire naine (Setaria pumila);Grain de s‚taire naine (Setaria pumila (Poir.) Roem. & Schult.);Cereal grains;Other cereals;Yellow foxtail (Setaria pumila), grain;Seed of yellow foxtail (Setaria pumila (Poir.) Roem. & Schult.)
1;C‚r‚ales;1080;C‚r‚ales (autres);8245;Avoine sauvage (Avena fatua), grain entier;Grain d'avoine sauvage (Avena fatua L.);Cereal grains;Other cereals;Oats, wild (Avena fatua), grain;Seed of oats, wild (Avena fatua L.)
1;C‚r‚ales;1080;C‚r‚ales (autres);8251;Grain de panic pied-de-coq (Echinochloa crus-galli), d‚cortiqu‚;Grain d‚cortiqu‚ de panic pied-de-coq (Echinochloa crus-galli (L.) P.Beauv.);Cereal grains;Other cereals;Cockspur grass (Echinochloa crus-galli), dehulled;Seed of cockspur grass (Echinochloa crus-galli (L.) P.Beauv.), dehulled
1;C‚r‚ales;1080;C‚r‚ales (autres);8489;M‚teil grain, grains de c‚r‚ales et graines de l‚gumineuses;"M‚lange ind‚termin‚ de grains de c‚r‚ales et de graines de l‚gumineuses.
Originellement, le m‚teil est un m‚lange de bl‚ et de seigle cultiv‚s ensemble. Depuis la fin du 20e siŠcle, il d‚signe des m‚langes de c‚r‚ales (bl‚, seigle, avoine, triticale) et de l‚gumineuses (pois, vesce, f‚verole) r‚colt‚s soit sous forme de fourrage vert, soit sous forme de grains.";Cereal grains;Other cereals;Meslin grain, mix of cereal and legume grains;"A mixture of cereal grains and leguminous seeds.
The term ""m‚teil"" has different meanings in French. Originally, it refers to a mixture of wheat and rye grown together, called meslin in English. Since the end of the 20th century, it has been used to refer to mixtures of cereals (wheat, rye, oats, triticale) and legumes (peas, vetch, faba beans) harvested either as green fodder or as grain."
1;C‚r‚ales;1080;C‚r‚ales (autres);8507;M‚lange de c‚r‚ales Ceremel;M‚lange de c‚r‚ales Ceremel;Cereal grains;Other cereals;Mixture of cereal grains Ceremel;Mixture of cereal grains Ceremel
1;C‚r‚ales;1080;C‚r‚ales (autres);8511;Epeautre (Triticum spelta) d‚cortiqu‚;Grain d'‚peautre (Triticum spelta L.), espŠce de bl‚ dont la balle adhŠre fortement au grain.;Cereal grains;Other cereals;Spelt (Triticum spelta), dehulled;Spelt grain (Triticum spelta L.), dehulled
1;C‚r‚ales;1080;C‚r‚ales (autres);8591;M‚teil, fourrage vert;M‚lange de fourrages de c‚r‚ales et de l‚gumineuses cultiv‚s ensemble.;Cereal grains;Other cereals;Meslin, aerial part, fresh;Mixture of cereal forage and legume seed forage
1;C‚r‚ales;1080;C‚r‚ales (autres);8593;M‚teil grain, grains de c‚r‚ales et graines de l‚gumineuses, biologique;M‚lange ind‚termin‚ de grains de c‚r‚ales et de graines de l‚gumineuses, issu de l'agriculture biologique;Cereal grains;Other cereals;Meslin grain, mix of cereal and legume grains, organic;A mixture of cereal grains and leguminous seeds, grown in organic farming
